edge_id,start_node,end_node,disabled
AHALL00202_AHALL00302,AHALL00302,AHALL00202,false
AHALL00502_ADEPT00102,ADEPT00102,AHALL00502,false
AHALL01001_ASTAI00101,AHALL01001,ASTAI00101,false
AREST00103_AHALL00603,AREST00103,AHALL00603,false
AHALL00102_AHALL00202,AHALL00202,AHALL00102,false
AHALL00102_AHALL00602,AHALL00602,AHALL00102,false
AHALL00303_ALABS00203,ALABS00203,AHALL00303,false
AHALL00203_ALABS00103,ALABS00103,AHALL00203,false
AHALL01001_AHALL00201,AHALL01001,AHALL00201,false
AHALL002L2_AEXIT001L2,AHALL002L2,AEXIT001L2,false
AHALL00901_AHALL00101,AHALL00101,AHALL00901,false
AHALL00103_AELEV00S03,AELEV00S03,AHALL00103,false
AHALL004L2_ALABS001L2,AHALL004L2,ALABS001L2,false
AREST00101_AHALL00901,AREST00101,AHALL00901,false
AHALL00801_AHALL00401,AHALL00401,AHALL00801,false
AHALL00503_ACONF00103,ACONF00103,AHALL00503,false
ADEPT00201_AHALL00601,AHALL00601,ADEPT00201,false
AHALL00501_AHALL00701,AHALL00701,AHALL00501,false
AHALL002L2_AINFO001L2,AINFO001L2,AHALL002L2,false
AHALL00401_AHALL00501,AHALL00501,AHALL00401,false
ASTAI00101_ASTAI00102,ASTAI00102,ASTAI00101,false
AHALL00401_ADEPT00101,ADEPT00101,AHALL00401,false
AHALL00201_AHALL00301,AHALL00301,AHALL00201,false
AHALL00603_AHALL00503,AHALL00603,AHALL00503,false
AHALL00901_AHALL01001,AHALL00901,AHALL01001,false
AHALL00102_ACONF00102,ACONF00102,AHALL00102,false
AHALL00201_ASTAI00101,ASTAI00101,AHALL00201,false
AHALL00402_AHALL00502,AHALL00502,AHALL00402,false
ASTAI00101_AHALL00101,ASTAI00101,AHALL00101,false
AHALL00202_ASTAI00102,ASTAI00102,AHALL00202,false
AHALL00403_AHALL00503,AHALL00503,AHALL00403,false
AHALL01001_AHALL00101,AHALL01001,AHALL00101,false
AHALL00303_AHALL00403,AHALL00403,AHALL00303,false
AHALL00203_AHALL00303,AHALL00303,AHALL00203,false
AHALL003L2_AHALL004L2,AHALL003L2,AHALL004L2,false
AHALL00103_AHALL00203,AHALL00203,AHALL00103,false
AHALL002L2_AHALL003L2,AHALL002L2,AHALL003L2,false
AHALL001L2_AHALL002L2,AHALL002L2,AHALL001L2,false
AHALL00901_AHALL00201,AHALL00201,AHALL00901,false
AHALL00101_ARETL00101,ARETL00101,AHALL00101,false
AHALL00801_AELEV00S01,AELEV00S01,AHALL00801,false
AELEV00SL2_AHALL001L2,AHALL001L2,AELEV00SL2,false
ADEPT00301_AHALL00701,AHALL00701,ADEPT00301,false
AHALL00301_AHALL00801,AHALL00801,AHALL00301,false
AHALL00501_AHALL00601,AHALL00601,AHALL00501,false
AHALL00301_AHALL00401,AHALL00401,AHALL00301,false
AHALL00101_AHALL00201,AHALL00201,AHALL00101,false
AHALL00402_AELEV00S02,AELEV00S02,AHALL00402,false
AHALL00302_AHALL00402,AHALL00402,AHALL00302,false
AHALL00602_WHALL01002,AHALL00602,WHALL01002,false
BSTAI00102_WHALL00402,WHALL00402,BSTAI00102,false
BHALL04202_WELEV00H02,BHALL04202,WELEV00H02,false
BDEPT00902_WELEV00E02,BDEPT00902,WELEV00E02,false
BINFO00202_WELEV00F02,BINFO00202,WELEV00F02,false
BSTAI00102_BHALL00102,BSTAI00102,BHALL00102,false
BHALL00102_BHALL00202,BHALL00102,BHALL00202,false
BHALL00202_BHALL00502,BHALL00202,BHALL00502,false
BHALL00502_BDEPT00402,BHALL00502,BDEPT00402,false
BDEPT00402_BHALL00602,BDEPT00402,BHALL00602,false
BHALL00602_BHALL00702,BHALL00602,BHALL00702,false
BHALL00702_BHALL01002,BHALL00702,BHALL01002,false
BHALL01102_BHALL01202,BHALL01102,BHALL01202,false
BHALL01202_BHALL01302,BHALL01202,BHALL01302,false
BHALL01302_BDEPT00802,BHALL01302,BDEPT00802,false
BDEPT00802_BSTAI00602,BDEPT00802,BSTAI00602,false
BHALL01402_WHALL00102,BHALL01402,WHALL00102,false
BHALL00102_BSTAI01002,BHALL00102,BSTAI01002,false
BSTAI01002_WELEV00K02,BSTAI01002,WELEV00K02,false
BHALL00402_BLABS00102,BHALL00402,BLABS00102,false
BHALL00402_BREST00302,BHALL00402,BREST00302,false
BREST00302_BSTAI00902,BREST00302,BSTAI00902,false
BSTAI00902_WHALL00602,BSTAI00902,WHALL00602,false
BHALL00402_BHALL03102,BHALL00402,BHALL03102,false
BHALL03102_BSTAI00802,BHALL03102,BSTAI00802,false
BSTAI00802_BREST00402,BSTAI00802,BREST00402,false
BREST00402_BHALL03202,BREST00402,BHALL03202,false
BHALL00602_BREST00202,BHALL00602,BREST00202,false
BREST00202_BHALL00802,BREST00202,BHALL00802,false
BHALL00802_BSTAI00302,BHALL00802,BSTAI00302,false
BHALL00702_BHALL01502,BHALL00702,BHALL01502,false
BHALL01002_BHALL01602,BHALL01002,BHALL01602,false
BHALL01202_BSTAI00502,BHALL01202,BSTAI00502,false
BHALL01102_BHALL02302,BHALL01102,BHALL02302,false
BHALL00602_BHALL01802,BHALL00602,BHALL01802,false
BHALL01802_BDEPT00502,BHALL01802,BDEPT00502,false
BHALL02202_BHALL02302,BHALL02202,BHALL02302,false
BHALL03002_BSTAI00702,BHALL03002,BSTAI00702,false
BHALL02102_BSERV00102,BHALL02102,BSERV00102,false
BHALL02302_BINFO00102,BHALL02302,BINFO00102,false
BINFO00102_BLABS00202,BINFO00102,BLABS00202,false
BINFO00202_BHALL02502,BINFO00202,BHALL02502,false
BHALL02502_BHALL02602,BHALL02502,BHALL02602,false
BHALL02702_BHALL02802,BHALL02702,BHALL02802,false
BHALL02602_BHALL01402,BHALL02602,BHALL01402,false
BHALL00202_BSTAI00202,BHALL00202,BSTAI00202,false
BSTAI00202_BHALL03802,BSTAI00202,BHALL03802,false
BHALL01202_WELEV00G02,BHALL01202,WELEV00G02,false
BSTAI00502_WELEV00G02,BSTAI00502,WELEV00G02,false
BHALL00302_BHALL03402,BHALL00302,BHALL03402,false
BREST00102_BHALL03402,BREST00102,BHALL03402,false
BDEPT00202_BHALL03402,BDEPT00202,BHALL03402,false
BCONF00102_BHALL03402,BCONF00102,BHALL03402,false
BHALL00302_WELEV00K02,BHALL00302,WELEV00K02,false
BHALL03502_BHALL00302,BHALL03502,BHALL00302,false
BHALL03502_BHALL00402,BHALL03502,BHALL00402,false
BHALL03102_BHALL03302,BHALL03102,BHALL03302,false
BHALL01902_BDEPT00502,BHALL01902,BDEPT00502,false
BHALL01902_BHALL02002,BHALL01902,BHALL02002,false
BHALL02002_BHALL02102,BHALL02002,BHALL02102,false
BHALL02202_BHALL02102,BHALL02202,BHALL02102,false
BDEPT00102_BHALL03802,BDEPT00102,BHALL03802,false
BHALL03602_BHALL03802,BHALL03602,BHALL03802,false
BHALL03702_BHALL03602,BHALL03702,BHALL03602,false
BHALL00902_BHALL03702,BHALL00902,BHALL03702,false
BHALL01102_BHALL01002,BHALL01102,BHALL01002,false
BHALL01302_BINFO00202,BHALL01302,BINFO00202,false
BDEPT00902_BHALL01402,BDEPT00902,BHALL01402,false
BHALL00502_WELEV00J02,BHALL00502,WELEV00J02,false
BDEPT00302_WELEV00J02,BDEPT00302,WELEV00J02,false
BHALL01902_BHALL04102,BHALL01902,BHALL04102,false
BHALL04102_WELEV00H02,BHALL04102,WELEV00H02,false
BHALL02002_BHALL04202,BHALL02002,BHALL04202,false
BHALL04202_BHALL04302,BHALL04202,BHALL04302,false
BHALL04302_BHALL02902,BHALL04302,BHALL02902,false
BREST00502_BHALL02902,BREST00502,BHALL02902,false
BHALL03002_BREST00502,BHALL03002,BREST00502,false
BHALL02602_BHALL02702,BHALL02602,BHALL02702,false
BSTAI00602_WELEV00E02,BSTAI00602,WELEV00E02,false
BSTAI00502_BDEPT00702,BSTAI00502,BDEPT00702,false
BDEPT00702_BHALL01702,BDEPT00702,BHALL01702,false
BINFO00102_BHALL04402,BINFO00102,BHALL04402,false
BHALL04402_BHALL02802,BHALL04402,BHALL02802,false
BHALL04402_WELEV00F02,BHALL04402,WELEV00F02,false
BHALL04402_BINFO00202,BHALL04402,BINFO00202,false
BSTAI00602_BDEPT00902,BSTAI00602,BDEPT00902,false
BHALL00502_BDEPT00302,BHALL00502,BDEPT00302,false
BHALL03002_BHALL03302,BHALL03002,BHALL03302,false
BSTAI01002_BHALL00302,BSTAI01002,BHALL00302,false
BDEPT00602_BHALL03302,BDEPT00602,BHALL03302,false
BHALL04102_BHALL04202,BHALL04102,BHALL04202,false
CCONF002L1_WELEV00HL1,CCONF002L1,WELEV00HL1,false
CCONF003L1_CHALL002L1,CCONF003L1,CHALL002L1,false
CDEPT002L1_CDEPT003L1,CDEPT002L1,CDEPT003L1,false
CDEPT003L1_CHALL014L1,CDEPT003L1,CHALL014L1,false
CDEPT004L1_CHALL002L1,CDEPT004L1,CHALL002L1,false
CHALL001L1_CREST001L1,CHALL001L1,CREST001L1,false
CHALL001L2_WELEV00JL2,CHALL001L2,WELEV00JL2,false
CHALL002L1_CSERV001L1,CHALL002L1,CSERV001L1,false
CHALL002L2_CREST001L2,CHALL002L2,CREST001L2,false
CHALL003L1_CCONF003L1,CHALL003L1,CCONF003L1,false
CHALL003L1_CLABS004L1,CHALL003L1,CLABS004L1,false
CHALL003L2_CHALL002L2,CHALL003L2,CHALL002L2,false
CHALL003L2_WELEV00KL2,CHALL003L2,WELEV00KL2,false
CHALL004L1_CREST004L1,CHALL004L1,CREST004L1,false
CHALL004L2_CHALL003L2,CHALL004L2,CHALL003L2,false
CHALL005L1_WELEV00ML1,CHALL005L1,WELEV00ML1,false
CHALL005L2_CHALL006L2,CHALL005L2,CHALL006L2,false
CHALL005L2_WELEV00ML2,CHALL005L2,WELEV00ML2,false
CHALL006L1_CHALL007L1,CHALL006L1,CHALL007L1,false
CHALL006L2_CHALL007L2,CHALL006L2,CHALL007L2,false
CHALL007L1_CHALL008L1,CHALL007L1,CHALL008L1,false
CHALL007L2_CHALL008L2,CHALL007L2,CHALL008L2,false
CHALL008L1_CDEPT004L1,CHALL008L1,CDEPT004L1,false
CHALL008L1_WELEV00KL1,CHALL008L1,WELEV00KL1,false
CHALL008L2_CHALL009L2,CHALL008L2,CHALL009L2,false
CHALL008L2_WELEV00LL2,CHALL008L2,WELEV00LL2,false
CHALL009L1_CHALL010L1,CHALL009L1,CHALL010L1,false
CHALL009L1_CRETL001L1,CHALL009L1,CRETL001L1,false
CHALL009L2_CHALL010L2,CHALL009L2,CHALL010L2,false
CHALL010L1_CREST003L1,CHALL010L1,CREST003L1,false
CHALL010L2_CHALL004L2,CHALL010L2,CHALL004L2,false
CHALL011L1_WELEV00JL1,CHALL011L1,WELEV00JL1,false
CHALL012L1_CHALL013L1,CHALL012L1,CHALL013L1,false
CHALL013L1_CDEPT002L1,CHALL013L1,CDEPT002L1,false
CHALL014L1_WELEV00LL1,CHALL014L1,WELEV00LL1,false
CHALL015L1_CCONF001L1,CHALL015L1,CCONF001L1,false
CHALL015L1_CHALL011L1,CHALL015L1,CHALL011L1,false
CLABS001L1_CREST002L1,CLABS001L1,CREST002L1,false
CLABS001L2_CHALL001L2,CLABS001L2,CHALL001L2,false
CLABS002L1_CHALL005L1,CLABS002L1,CHALL005L1,false
CLABS002L1_CREST001L1,CLABS002L1,CREST001L1,false
CLABS002L2_WELEV00KL2,CLABS002L2,WELEV00KL2,false
CLABS003L1_CHALL006L1,CLABS003L1,CHALL006L1,false
CLABS004L1_CLABS003L1,CLABS004L1,CLABS003L1,false
CLABS005L1_CHALL003L1,CLABS005L1,CHALL003L1,false
CREST001L2_CLABS001L2,CREST001L2,CLABS001L2,false
CREST002L1_CHALL006L1,CREST002L1,CHALL006L1,false
CREST002L2_CSERV001L2,CREST002L2,CSERV001L2,false
CREST003L1_CHALL015L1,CREST003L1,CHALL015L1,false
CREST004L1_CLABS005L1,CREST004L1,CLABS005L1,false
CRETL001L1_CHALL012L1,CRETL001L1,CHALL012L1,false
CSERV001L1_CCONF002L1,CSERV001L1,CCONF002L1,false
CSERV001L2_CLABS002L2,CSERV001L2,CLABS002L2,false
WELEV00HL1_CHALL004L1,WELEV00HL1,CHALL004L1,false
WELEV00KL1_CHALL009L1,WELEV00KL1,CHALL009L1,false
WELEV00LL1_CHALL001L1,WELEV00LL1,CHALL001L1,false
WELEV00ML1_CLABS001L1,WELEV00ML1,CLABS001L1,false
WELEV00ML2_CREST002L2,WELEV00ML2,CREST002L2,false
WHALL001L2_CHALL005L2,WHALL001L2,CHALL005L2,false
DHALL00102_DHALL00202,DHALL00102,DHALL00202,false
DHALL00202_DHALL00302,DHALL00202,DHALL00302,false
DHALL00302_DHALL00402,DHALL00302,DHALL00402,false
DHALL00302_DHALL00502,DHALL00302,DHALL00502,false
DHALL00502_DHALL00602,DHALL00502,DHALL00602,false
DHALL00602_DHALL00702,DHALL00602,DHALL00702,false
DHALL00702_DHALL00802,DHALL00702,DHALL00802,false
DHALL00802_DHALL00902,DHALL00802,DHALL00902,false
DHALL00902_DHALL01002,DHALL00902,DHALL01002,false
DHALL01002_DHALL01102,DHALL01002,DHALL01102,false
DHALL01102_DHALL01202,DHALL01102,DHALL01202,false
DHALL01202_DHALL01302,DHALL01202,DHALL01302,false
DHALL01302_DHALL01402,DHALL01302,DHALL01402,false
DHALL00902_DSTAI00102,DHALL00902,DSTAI00102,false
DHALL01202_DCONF00102,DHALL01202,DCONF00102,false
DHALL01402_DELEV00A02,DHALL01402,DELEV00A02,false
DHALL01202_DHALL01502,DHALL01202,DHALL01502,false
DHALL01502_DHALL01602,DHALL01502,DHALL01602,false
DHALL01602_DHALL01702,DHALL01602,DHALL01702,false
DHALL01602_DHALL01802,DHALL01602,DHALL01802,false
DHALL01802_DSTAI00202,DHALL01802,DSTAI00202,false
DSTAI00202_DHALL01902,DSTAI00202,DHALL01902,false
DHALL01902_DHALL02002,DHALL01902,DHALL02002,false
DHALL02002_DHALL02102,DHALL02002,DHALL02102,false
DHALL02102_DHALL02202,DHALL02102,DHALL02202,false
DHALL02202_DHALL02302,DHALL02202,DHALL02302,false
DHALL02302_DHALL02402,DHALL02302,DHALL02402,false
DHALL02102_DRETL00102,DHALL02102,DRETL00102,false
DHALL02202_DSTAI00302,DHALL02202,DSTAI00302,false
DHALL01802_DHALL02602,DHALL01802,DHALL02602,false
DHALL02602_DHALL02502,DHALL02602,DHALL02502,false
DHALL02502_DEXIT00102,DHALL02502,DEXIT00102,false
DHALL02502_DDEPT00102,DHALL02502,DDEPT00102,false
DHALL02502_DDEPT00202,DHALL02502,DDEPT00202,false
DHALL02602_DHALL02702,DHALL02602,DHALL02702,false
DHALL02702_DHALL02802,DHALL02702,DHALL02802,false
DHALL02802_DHALL02902,DHALL02802,DHALL02902,false
DHALL02902_DHALL03002,DHALL02902,DHALL03002,false
DHALL02702_DINFO00102,DHALL02702,DINFO00102,false
DHALL02802_DSTAI00402,DHALL02802,DSTAI00402,false
DHALL03002_DELEV00B02,DHALL03002,DELEV00B02,false
DHALL03002_DREST00102,DHALL03002,DREST00102,false
DHALL02902_DHALL03102,DHALL02902,DHALL03102,false
DHALL03102_DHALL03202,DHALL03102,DHALL03202,false
DHALL03202_DSTAI00502,DHALL03202,DSTAI00502,false
DHALL03102_DHALL03302,DHALL03102,DHALL03302,false
DHALL03302_DHALL03402,DHALL03302,DHALL03402,false
DHALL03402_DHALL03502,DHALL03402,DHALL03502,false
DHALL03502_DHALL03602,DHALL03502,DHALL03602,false
DHALL03602_DHALL03702,DHALL03602,DHALL03702,false
DHALL03702_DHALL03802,DHALL03702,DHALL03802,false
DHALL03602_DSTAI00602,DHALL03602,DSTAI00602,false
DHALL03702_DELEV00C02,DHALL03702,DELEV00C02,false
DHALL03302_DHALL03902,DHALL03302,DHALL03902,false
DHALL03902_DREST00202,DHALL03902,DREST00202,false
DHALL03902_DDEPT00302,DHALL03902,DDEPT00302,false
DDEPT00302_DHALL04002,DDEPT00302,DHALL04002,false
DHALL04002_DHALL04102,DHALL04002,DHALL04102,false
DHALL04002_DSTAI00702,DHALL04002,DSTAI00702,false
DHALL03302_DHALL04202,DHALL03302,DHALL04202,false
DHALL04202_DHALL04302,DHALL04202,DHALL04302,false
DHALL04302_DHALL04402,DHALL04302,DHALL04402,false
DHALL04202_DHALL04502,DHALL04202,DHALL04502,false
DHALL04502_DLABS00102,DHALL04502,DLABS00102,false
DHALL04502_DHALL04602,DHALL04502,DHALL04602,false
DHALL04602_DHALL04702,DHALL04602,DHALL04702,false
DHALL04702_DHALL04802,DHALL04702,DHALL04802,false
DHALL04702_DHALL04902,DHALL04702,DHALL04902,false
DHALL04902_DREST00302,DHALL04902,DREST00302,false
DHALL04902_DHALL05002,DHALL04902,DHALL05002,false
DHALL05002_DHALL05102,DHALL05002,DHALL05102,false
DHALL05102_DSTAI00802,DHALL05102,DSTAI00802,false
DHALL05002_DHALL05202,DHALL05002,DHALL05202,false
DHALL05202_DREST00402,DHALL05202,DREST00402,false
DHALL05202_DHALL05302,DHALL05202,DHALL05302,false
DHALL05302_DINFO00202,DHALL05302,DINFO00202,false
DHALL05302_DHALL05402,DHALL05302,DHALL05402,false
DHALL05402_DHALL05502,DHALL05402,DHALL05502,false
DHALL05402_DHALL05802,DHALL05402,DHALL05802,false
DHALL05502_DHALL05602,DHALL05502,DHALL05602,false
DHALL05602_DHALL05702,DHALL05602,DHALL05702,false
DHALL05602_DELEV00D02,DHALL05602,DELEV00D02,false
DHALL05802_DDEPT00402,DHALL05802,DDEPT00402,false
PKIOS00102_DHALL02602,PKIOS00102,DHALL02602,false
WHALL00201_ESTAI00101,WHALL00201,ESTAI00101,false
ESTAI00101_EHALL00301,ESTAI00101,EHALL00301,false
EHALL00301_WELEV00K01,EHALL00301,WELEV00K01,false
EHALL00301_EHALL00401,EHALL00301,EHALL00401,false
EHALL00401_ESTAI00201,EHALL00401,ESTAI00201,false
ESTAI00201_EEXIT00101,ESTAI00201,EEXIT00101,false
EHALL00401_EHALL00501,EHALL00401,EHALL00501,false
EHALL00501_EHALL00601,EHALL00501,EHALL00601,false
EHALL00601_EHALL00701,EHALL00601,EHALL00701,false
EHALL00701_EDEPT00101,EHALL00701,EDEPT00101,false
EHALL00701_WELEV00J01,EHALL00701,WELEV00J01,false
EHALL00601_EHALL00801,EHALL00601,EHALL00801,false
EHALL00801_EINFO00101,EHALL00801,EINFO00101,false
EHALL00801_EHALL00901,EHALL00801,EHALL00901,false
EHALL00901_EHALL01001,EHALL00901,EHALL01001,false
EHALL00901_EHALL01101,EHALL00901,EHALL01101,false
EHALL01101_EHALL01201,EHALL01101,EHALL01201,false
EHALL01201_EHALL01301,EHALL01201,EHALL01301,false
EHALL01301_EHALL01401,EHALL01301,EHALL01401,false
EHALL01101_EHALL01501,EHALL01101,EHALL01501,false
EHALL01501_EHALL01601,EHALL01501,EHALL01601,false
EHALL01601_EHALL01701,EHALL01601,EHALL01701,false
EHALL01601_EHALL01801,EHALL01601,EHALL01801,false
EHALL01801_WELEV00G01,EHALL01801,WELEV00G01,false
WELEV00G01_EHALL01901,WELEV00G01,EHALL01901,false
EHALL01901_EHALL02001,EHALL01901,EHALL02001,false
EHALL02001_EREST00101,EHALL02001,EREST00101,false
EREST00101_EEXIT00201,EREST00101,EEXIT00201,false
EHALL02001_ELABS00101,EHALL02001,ELABS00101,false
EHALL01901_EDEPT00201,EHALL01901,EDEPT00201,false
EDEPT00201_EDEPT00301,EDEPT00201,EDEPT00301,false
EDEPT00301_EHALL02101,EDEPT00301,EHALL02101,false
EHALL02101_EHALL02201,EHALL02101,EHALL02201,false
EHALL02201_WELEV00E01,EHALL02201,WELEV00E01,false
EHALL02201_EHALL02301,EHALL02201,EHALL02301,false
EHALL01401_EHALL02401,EHALL01401,EHALL02401,false
EHALL02401_EHALL02501,EHALL02401,EHALL02501,false
EHALL01801_EHALL02501,EHALL01801,EHALL02501,false
EHALL02501_EREST00201,EHALL02501,EREST00201,false
EREST00201_WELEV00F01,EREST00201,WELEV00F01,false
WELEV00F01_EHALL02601,WELEV00F01,EHALL02601,false
EHALL02601_EHALL02701,EHALL02601,EHALL02701,false
EHALL02501_EHALL02801,EHALL02501,EHALL02801,false
EHALL02401_EHALL02901,EHALL02401,EHALL02901,false
EHALL02901_WELEV00H01,EHALL02901,WELEV00H01,false
EHALL02901_EHALL03001,EHALL02901,EHALL03001,false
EHALL03001_ESTAI00301,EHALL03001,ESTAI00301,false
ESTAI00301_EREST00301,ESTAI00301,EREST00301,false
EREST00301_ELABS00201,EREST00301,ELABS00201,false
ELABS00201_EDEPT00401,ELABS00201,EDEPT00401,false
EDEPT00401_EHALL03101,EDEPT00401,EHALL03101,false
EDEPT00401_EHALL03201,EDEPT00401,EHALL03201,false
EHALL03201_EHALL03301,EHALL03201,EHALL03301,false
EHALL03301_ESTAI00401,EHALL03301,ESTAI00401,false
EHALL03101_EHALL03401,EHALL03101,EHALL03401,false
EHALL03101_EHALL03501,EHALL03101,EHALL03501,false
EHALL03501_EHALL03601,EHALL03501,EHALL03601,false
FHALL00101_WHALL00101,FHALL00101,WHALL00101,false
FHALL00101_FHALL00201,FHALL00101,FHALL00201,false
FHALL00201_FSTAI00101,FHALL00201,FSTAI00101,false
FHALL00301_FEXIT00101,FHALL00301,FEXIT00101,false
FHALL00201_FHALL00301,FHALL00201,FHALL00301,false
FHALL00301_FHALL00401,FHALL00301,FHALL00401,false
FRET00101_FHALL00401,FRETL00101,FHALL00401,false
FHALL00401_FHALL00501,FHALL00401,FHALL00501,false
FHALL00501_FSERV00101,FHALL00501,FSERV00101,false
FHALL00601_FHALL00501,FHALL00601,FHALL00501,false
WELEV00L01_FHALL00601,WELEV00L01,FHALL00601,false
FHALL00701_WELEV00L01,FHALL00701,WELEV00L01,false
FHALL00801_FHALL00701,FHALL00801,FHALL00701,false
FHALL00901_FHALL00801,FHALL00901,FHALL00801,false
FHALL00901_FHALL01301,FHALL00901,FHALL01301,false
FHALL01001_FHALL01301,FHALL01001,FHALL01301,false
FSTAI00201_FHALL01001,FSTAI00201,FHALL01001,false
FHALL01101_FHALL00901,FHALL01101,FHALL00901,false
FDEPT00101_FHALL01301,FDEPT00101,FHALL01301,false
FHALL01201_FHALL01101,FHALL01201,FHALL01101,false
FHALL01401_FHALL01101,FHALL01401,FHALL01101,false
FHALL01401_FSERV00201,FHALL01401,FSERV00201,false
FHALL01501_FHALL01401,FHALL01501,FHALL01401,false
FHALL01601_FHALL01501,FHALL01601,FHALL01501,false
FSERV00401_FHALL01701,FSERV00401,FHALL01701,false
FDEPT00301_FHALL01701,FDEPT00301,FHALL01701,false
FHALL01701_FHALL01801,FHALL01701,FHALL01801,false
FHALL01801_FHALL00701,FHALL01801,FHALL00701,false
FHALL01801_FHALL03201,FHALL01801,FHALL03201,false
FHALL01901_FHALL01601,FHALL01901,FHALL01601,false
FDEPT00201_FHALL02001,FDEPT00201,FHALL02001,false
FSERV00301_FHALL02001,FSERV00301,FHALL02001,false
FHALL01901_FHALL02001,FHALL01901,FHALL02001,false
FHALL01901_FHALL02101,FHALL01901,FHALL02101,false
FDEPT00401_FHALL02101,FDEPT00401,FHALL02101,false
FHALL02201_FHALL02101,FHALL02201,FHALL02101,false
FHALL02201_WELEV00M01,FHALL02201,WELEV00M01,false
WELEV00M01_FHALL02301,WELEV00M01,FHALL02301,false
FLABS00101_FHALL02301,FLABS00101,FHALL02301,false
FHALL02301_FHALL02401,FHALL02301,FHALL02401,false
FHALL02401_FHALL02501,FHALL02401,FHALL02501,false
FSTAI00301_FHALL02501,FSTAI00301,FHALL02501,false
FHALL02601_FHALL03101,FHALL02601,FHALL03101,false
FHALL02501_FHALL02601,FHALL02501,FHALL02601,false
FHALL02701_FHALL02601,FHALL02701,FHALL02601,false
FHALL02201_FHALL02801,FHALL02201,FHALL02801,false
FHALL02801_FEXIT00201,FHALL02801,FEXIT00201,false
FHALL02901_FHALL002801,FHALL02901,FHALL02801,false
FHALL02901_FINFO00101,FHALL02901,FINFO00101,false
FSERV00501_FHALL02901,FSERV00501,FHALL02901,false
FSERV00501_FHALL03001,FSERV00501,FHALL03001,false
FRETL00201_FHALL03001,FRETL00201,FHALL03001,false
FHALL03101_FHALL00201,FHALL03101,FHALL00201,false
FHALL03101_FREST00101,FHALL03101,FREST00101,false
FDEPT00501_FEXIT00301,FDEPT00501,FEXIT00301,false
FHALL03201_FHALL01601,FHALL03201,FHALL01601,false
FHALL03201_FDEPT00601,FHALL03201,FDEPT00601,false
FHALL02701_FHALL03301,FHALL02701,FHALL03301,false
FHALL03301_FDEPT00501,FHALL03301,FDEPT00501,false
WHALL002L2_GHALL001L2,WHALL002L2,GHALL001L2,false
GHALL001L2_GLABS003L2,GHALL001L2,GLABS003L2,false
GLABS003L2_GREST004L2,GLABS003L2,GREST004L2,false
GREST004L2_GHALL005L2,GREST004L2,GHALL005L2,false
GHALL005L2_GELEV00QL2,GHALL005L2,GELEV00QL2,false
GELEV00QL2_GHALL007L2,GELEV00QL2,GHALL007L2,false
GHALL007L2_GHALL008L2,GHALL007L2,GHALL008L2,false
GHALL007L2_GHALL009L2,GHALL007L2,GHALL009L2,false
GHALL009L2_GHALL010L2,GHALL009L2,GHALL010L2,false
GHALL010L2_GHALL011L2,GHALL010L2,GHALL011L2,false
GHALL011L2_GHALL012L2,GHALL011L2,GHALL012L2,false
GHALL012L2_GHALL013L2,GHALL012L2,GHALL013L2,false
GHALL013L2_GLABS014L2,GHALL013L2,GLABS014L2,false
GLABS014L2_GLABS015L2,GLABS014L2,GLABS015L2,false
GLABS015L2_GHALL016L2,GLABS015L2,GHALL016L2,false
GHALL016L2_GHALL017L2,GHALL016L2,GHALL017L2,false
GEXIT00101_GHALL00201,GEXIT00101,GHALL00201,false
GEXIT00101_GSTAI01301,GEXIT00101,GSTAI01301,false
GHALL00201_GHALL00301,GHALL00201,GHALL00301,false
GSTAI00501_GHALL00601,GSTAI00501,GHALL00601,false
GHALL00601_GHALL00701,GHALL00601,GHALL00701,false
GHALL00701_GHALL00801,GHALL00701,GHALL00801,false
GHALL00801_GHALL00901,GHALL00801,GHALL00901,false
GHALL00901_GHALL01001,GHALL00901,GHALL01001,false
GHALL00601_GREST01201,GHALL00601,GREST01201,false
GHALL00601_GSTAI01301,GHALL00601,GSTAI01301,false
GHALL01401_GHALL00801,GHALL01401,GHALL00801,false
GHALL01401_GHALL01501,GHALL01401,GHALL01501,false
GHALL01501_GHALL01601,GHALL01501,GHALL01601,false
GHALL00701_GHALL01701,GHALL00701,GHALL01701,false
GDEPT01901_GCONF02001,GDEPT01901,GCONF02001,false
GHALL00301_GHALL02101,GHALL00301,GHALL02101,false
GHALL02101_GHALL02201,GHALL02101,GHALL02201,false
GHALL02201_GSERV02301,GHALL02201,GSERV02301,false
GSERV02301_GHALL02401,GSERV02301,GHALL02401,false
GHALL02401_GELEV00N01,GHALL02401,GELEV00N01,false
GHALL02101_GHALL02801,GHALL02101,GHALL02801,false
GHALL02801_GHALL02901,GHALL02801,GHALL02901,false
GHALL02901_GHALL0301,GHALL02901,GHALL0301,false
GHALL0301_GHALL03101,GHALL0301,GHALL03101,false
GHALL0301_GHALL03301,GHALL0301,GHALL03301,false
GHALL03301_GHALL03401,GHALL03301,GHALL03401,false
GHALL03401_GRETL03501,GHALL03401,GRETL03501,false
WHALL00902_GHALL03702,WHALL00902,GHALL03702,false
GHALL03702_GHALL03802,GHALL03702,GHALL03802,false
GHALL03702_GHALL03602,GHALL03702,GHALL03602,false
GHALL03702_GHALL03302,GHALL03702,GHALL03302,false
GHALL03602_GDEPT03502,GHALL03602,GDEPT03502,false
GHALL03802_GHALL03402,GHALL03802,GHALL03402,false
GDEPT03502_GHALL03002,GDEPT03502,GHALL03002,false
GHALL03002_GREST03102,GHALL03002,GREST03102,false
GREST03102_GHALL03202,GREST03102,GHALL03202,false
GELEV00Q02_GREST03102,GELEV00Q02,GREST03102,false
GHALL03302_GHALL03402,GHALL03302,GHALL03402,false
GHALL03302_GHALL03202,GHALL03302,GHALL03202,false
GHALL03402_GHALL02902,GHALL03402,GHALL02902,false
GHALL03202_GSTAI02802,GHALL03202,GSTAI02802,false
GSTAI02802_GHALL02902,GSTAI02802,GHALL02902,false
GHALL02902_GHALL02702,GHALL02902,GHALL02702,false
GHALL02702_GSTAI02602,GHALL02702,GSTAI02602,false
GSTAI02602_GELEV00N02,GSTAI02602,GELEV00N02,false
GELEV00N02_GDEPT02402,GELEV00N02,GDEPT02402,false
GDEPT02402_GHALL03002,GDEPT02402,GHALL03002,false
GDEPT02402_GHALL01702,GDEPT02402,GHALL01702,false
GHALL01702_GINFO01902,GHALL01702,GINFO01902,false
GINFO01902_GHALL01802,GINFO01902,GHALL01802,false
GHALL01802_GHALL02002,GHALL01802,GHALL02002,false
GHALL02002_GHALL02102,GHALL02002,GHALL02102,false
GHALL02102_GINFO01902,GHALL02102,GINFO01902,false
GHALL02002_GHALL02202,GHALL02002,GHALL02202,false
GHALL02202_GHALL02302,GHALL02202,GHALL02302,false
GHALL02102_GHALL02302,GHALL02102,GHALL02302,false
GHALL02302_GHALL02702,GHALL02302,GHALL02702,false
GHALL02202_WHALL00802,GHALL02202,WHALL00802,false
GHALL01702_GHALL01602,GHALL01702,GHALL01602,false
GHALL01602_GHALL01502,GHALL01602,GHALL01502,false
GHALL01602_GHALL01402,GHALL01602,GHALL01402,false
GHALL01502_GHALL01302,GHALL01502,GHALL01302,false
GHALL01402_GHALL01202,GHALL01402,GHALL01202,false
GHALL01402_GHALL01302,GHALL01402,GHALL01302,false
GHALL01302_GHALL01102,GHALL01302,GHALL01102,false
GHALL01102_GHALL01202,GHALL01102,GHALL01202,false
GHALL01102_GDEPT00702,GHALL01102,GDEPT00702,false
GHALL01202_GHALL01002,GHALL01202,GHALL01002,false
GHALL01002_GDEPT00702,GHALL01002,GDEPT00702,false
GDEPT00702_GHALL00502,GDEPT00702,GHALL00502,false
GHALL01002_GREST00602,GHALL01002,GREST00602,false
GREST00602_GHALL00502,GREST00602,GHALL00502,false
GHALL00502_GHALL00302,GHALL00502,GHALL00302,false
GHALL00302_GHALL00402,GHALL00302,GHALL00402,false
GHALL00402_GREST00602,GHALL00402,GREST00602,false
GHALL00402_GHALL00202,GHALL00402,GHALL00202,false
GHALL00202_GHALL00102,GHALL00202,GHALL00102,false
GHALL00102_GHALL00302,GHALL00102,GHALL00302,false
GHALL00103_GHALL00203,GHALL00103,GHALL00203,false
GHALL00203_GHALL00303,GHALL00203,GHALL00303,false
GHALL00303_GDEPT00403,GHALL00303,GDEPT00403,false
GDEPT00403_GELEV00Q03,GDEPT00403,GELEV00Q03,false
GELEV00Q03_GHALL00603,GELEV00Q03,GHALL00603,false
GHALL00603_GHALL00703,GHALL00603,GHALL00703,false
GHALL00603_GHALL00803,GHALL00603,GHALL00803,false
GHALL00803_GSTAI00903,GHALL00803,GSTAI00903,false
GDEPT00403_GHALL01003,GDEPT00403,GHALL01003,false
GHALL01003_GHALL01103,GHALL01003,GHALL01103,false
GHALL01103_GREST01203,GHALL01103,GREST01203,false
GHALL01003_GHALL01303,GHALL01003,GHALL01303,false
GHALL01303_GDEPT01403,GHALL01303,GDEPT01403,false
GDEPT01403_GELEV00N03,GDEPT01403,GELEV00N03,false
GDEPT01403_GSERV01603,GDEPT01403,GSERV01603,false
GEXIT001L1_GHALL002L1,GEXIT001L1,GHALL002L1,false
GHALL002L1_GHALL003L1,GHALL002L1,GHALL003L1,false
GHALL003L1_GHALL004L1,GHALL003L1,GHALL004L1,false
GHALL003L1_GHALL005L1,GHALL003L1,GHALL005L1,false
GHALL005L1_GSTAI008L1,GHALL005L1,GSTAI008L1,false
GHALL005L1_GHALL006L1,GHALL005L1,GHALL006L1,false
GHALL006L1_GELEV007L1,GHALL006L1,GELEV00QL1,false
WELEV00L02_HHALL00102,WELEV00L02,HHALL00102,false
HHALL00102_HHALL00202,HHALL00102,HHALL00202,false
HHALL00202_HRETL00102,HHALL00202,HRETL00102,false
HHALL00202_HHALL00302,HHALL00202,HHALL00302,false
HHALL00302_HSTAI00102,HHALL00302,HSTAI00102,false
HHALL00302_WHALL00302,HHALL00302,WHALL00302,false
HHALL00102_HHALL00402,HHALL00102,HHALL00402,false
HHALL00402_HHALL00502,HHALL00402,HHALL00502,false
HHALL00502_HRETL00202,HHALL00502,HRETL00202,false
HRETL00202_HBATH00102,HRETL00202,HBATH00102,false
HHALL00502_HRETL00302,HHALL00502,HRETL00302,false
HHALL00502_HHALL00602,HHALL00502,HHALL00602,false
HHALL00602_HHALL00702,HHALL00602,HHALL00702,false
HHALL00702_HSTAI00202,HHALL00702,HSTAI00202,false
HHALL00702_HHALL00802,HHALL00702,HHALL00802,false
HHALL00802_HSTAI00302,HHALL00802,HSTAI00302,false
HHALL00802_HHALL00902,HHALL00802,HHALL00902,false
HHALL00902_WHALL00702,HHALL00902,WHALL00702,false
HHALL00902_WELEV00M02,HHALL00902,WELEV00M02,false
WELEV00M02_HHALL01002,WELEV00M02,HHALL01002,false
HHALL01002_HDEPT00102,HHALL01002,HDEPT00102,false
HHALL01002_WHALL00502,HHALL01002,WHALL00502,false
WHALL00103_WELEV00M03,WHALL00103,WELEV00M03,false
WELEV00M03_HHALL00503,WELEV00M03,HHALL00503,false
HHALL00503_HSTAI00103,HHALL00503,HSTAI00103,false
HHALL00503_HHALL00403,HHALL00503,HHALL00403,false
HHALL00403_HHALL00303,HHALL00403,HHALL00303,false
HHALL00303_HHALL00203,HHALL00303,HHALL00203,false
HHALL00203_HLABS00103,HHALL00203,HLABS00103,false
HHALL00303_HHALL00103,HHALL00303,HHALL00103,false
WELEV00L03_HHALL00603,WELEV00L03,HHALL00603,false
HHALL00603_HHALL00703,HHALL00603,HHALL00703,false
HHALL00703_HDEPT00103,HHALL00703,HDEPT00103,false
HHALL00703_HHALL00803,HHALL00703,HHALL00803,false
HHALL00803_HSERV00103,HHALL00803,HSERV00103,false
HHALL00803_HHALL00903,HHALL00803,HHALL00903,false
HHALL00903_HHALL01003,HHALL00903,HHALL01003,false
HHALL01003_HBATH00103,HHALL01003,HBATH00103,false
HHALL00903_HHALL01103,HHALL00903,HHALL01103,false
HHALL01103_HDEPT00203,HHALL01103,HDEPT00203,false
HHALL01103_HHALL01203,HHALL01103,HHALL01203,false
HHALL01203_HHALL01303,HHALL01203,HHALL01303,false
HHALL01303_HHALL01403,HHALL01303,HHALL01403,false
HHALL01403_HHALL01503,HHALL01403,HHALL01503,false
HHALL01503_HBATH00203,HHALL01503,HBATH00203,false
HHALL01503_HHALL00603,HHALL01503,HHALL00603,false
WHALL00203_IHALL00103,WHALL00203,IHALL00103,false
IHALL00103_IHALL00203,IHALL00103,IHALL00203,false
IHALL00203_IHALL00303,IHALL00203,IHALL00303,false
IHALL00303_IHALL00403,IHALL00303,IHALL00403,false
IHALL00403_IHALL00503,IHALL00403,IHALL00503,false
IHALL00503_IHALL00603,IHALL00503,IHALL00603,false
IHALL00603_IHALL00703,IHALL00603,IHALL00703,false
IHALL00703_IHALL00803,IHALL00703,IHALL00803,false
IHALL00803_IHALL01003,IHALL00803,IHALL01003,false
IHALL01003_IHALL00903,IHALL01003,IHALL00903,false
IHALL01003_IHALL01103,IHALL01003,IHALL01103,false
IHALL01303_IHALL01203,IHALL01303,IHALL01203,false
IHALL01203_IHALL01503,IHALL01203,IHALL01503,false
IHALL01303_IHALL01403,IHALL01303,IHALL01403,false
IHALL01403_IHALL01703,IHALL01403,IHALL01703,false
IHALL01703_IHALL01603,IHALL01703,IHALL01603,false
IHALL01703_IHALL01803,IHALL01703,IHALL01803,false
IHALL01803_IHALL01903,IHALL01803,IHALL01903,false
IHALL01903_IHALL02003,IHALL01903,IHALL02003,false
IHALL00103_IREST00103,IHALL00103,IREST00103,false
IHALL00403_IREST00203,IHALL00403,IREST00203,false
IHALL00803_IREST00303,IHALL00803,IREST00303,false
IHALL01303_IREST00403,IHALL01303,IREST00403,false
IHALL01403_IREST00503,IHALL01403,IREST00503,false
IHALL00203_IDEPT00103,IHALL00203,IDEPT00103,false
IHALL00303_IDEPT00203,IHALL00303,IDEPT00203,false
IHALL00503_IDEPT00303,IHALL00503,IDEPT00303,false
IHALL00703_IDEPT00403,IHALL00703,IDEPT00403,false
IHALL01003_IDEPT00503,IHALL01003,IDEPT00503,false
IHALL02203_IDEPT00603,IHALL02203,IDEPT00603,false
IHALL02203_IDEPT00703,IHALL02203,IDEPT00703,false
IHALL01903_IDEPT00803,IHALL01903,IDEPT00803,false
IHALL02003_IDEPT00903,IHALL02003,IDEPT00903,false
IHALL01003_WELEV00H03,IHALL01003,WELEV00H03,false
IHALL01203_WELEV00K03,IHALL01203,WELEV00K03,false
IHALL01303_IHALL00203,IHALL01303,IHALL00203,false
WELEV00J03_IHALL01803,WELEV00J03,IHALL01803,false
WELEV00J03_IHALL02203,WELEV00J03,IHALL02203,false
WELEV00E01_WELEV00E02,WELEV00E01,WELEV00E02,false
WELEV00F01_WELEV00F02,WELEV00F01,WELEV00F02,false
WELEV00G01_WELEV00G02,WELEV00G01,WELEV00G02,false
WELEV00HL1_WELEV00H01,WELEV00HL1,WELEV00H01,false
WELEV00HL1_WELEV00H02,WELEV00HL1,WELEV00H02,false
WELEV00HL1_WELEV00H03,WELEV00HL1,WELEV00H03,false
WELEV00H01_WELEV00H02,WELEV00H01,WELEV00H02,false
WELEV00H01_WELEV00H03,WELEV00H01,WELEV00H03,false
WELEV00H02_WELEV00H03,WELEV00H02,WELEV00H03,false
WELEV00JL2_WELEV00JL1,WELEV00JL2,WELEV00JL1,false
WELEV00JL2_WELEV00J01,WELEV00JL2,WELEV00J01,false
WELEV00JL2_WELEV00J02,WELEV00JL2,WELEV00J02,false
WELEV00JL2_WELEV00J03,WELEV00JL2,WELEV00J03,false
WELEV00JL1_WELEV00J01,WELEV00JL1,WELEV00J01,false
WELEV00JL1_WELEV00J02,WELEV00JL1,WELEV00J02,false
WELEV00JL1_WELEV00J03,WELEV00JL1,WELEV00J03,false
WELEV00J01_WELEV00J02,WELEV00J01,WELEV00J02,false
WELEV00J01_WELEV00J03,WELEV00J01,WELEV00J03,false
WELEV00J02_WELEV00J03,WELEV00J02,WELEV00J03,false
WELEV00KL2_WELEV00KL1,WELEV00KL2,WELEV00KL1,false
WELEV00KL2_WELEV00K01,WELEV00KL2,WELEV00K01,false
WELEV00KL2_WELEV00K02,WELEV00KL2,WELEV00K02,false
WELEV00KL2_WELEV00K03,WELEV00KL2,WELEV00K03,false
WELEV00KL1_WELEV00K01,WELEV00KL1,WELEV00K01,false
WELEV00KL1_WELEV00K02,WELEV00KL1,WELEV00K02,false
WELEV00KL1_WELEV00K03,WELEV00KL1,WELEV00K03,false
WELEV00K01_WELEV00K02,WELEV00K01,WELEV00K02,false
WELEV00K01_WELEV00K03,WELEV00K01,WELEV00K03,false
WELEV00K02_WELEV00K03,WELEV00K02,WELEV00K03,false
WELEV00LL2_WELEV00LL1,WELEV00LL2,WELEV00LL1,false
WELEV00LL2_WELEV00L01,WELEV00LL2,WELEV00L01,false
WELEV00LL2_WELEV00L02,WELEV00LL2,WELEV00L02,false
WELEV00LL2_WELEV00L03,WELEV00LL2,WELEV00L03,false
WELEV00LL1_WELEV00L01,WELEV00LL1,WELEV00L01,false
WELEV00LL1_WELEV00L02,WELEV00LL1,WELEV00L02,false
WELEV00LL1_WELEV00L03,WELEV00LL1,WELEV00L03,false
WELEV00L01_WELEV00L02,WELEV00L01,WELEV00L02,false
WELEV00L01_WELEV00L03,WELEV00L01,WELEV00L03,false
WELEV00L02_WELEV00L03,WELEV00L02,WELEV00L03,false
WELEV00ML2_WELEV00ML1,WELEV00ML2,WELEV00ML1,false
WELEV00ML2_WELEV00M01,WELEV00ML2,WELEV00M01,false
WELEV00ML2_WELEV00M02,WELEV00ML2,WELEV00M02,false
WELEV00ML2_WELEV00M03,WELEV00ML2,WELEV00M03,false
WELEV00ML1_WELEV00M01,WELEV00ML1,WELEV00M01,false
WELEV00ML1_WELEV00M02,WELEV00ML1,WELEV00M02,false
WELEV00ML1_WELEV00M03,WELEV00ML1,WELEV00M03,false
WELEV00M01_WELEV00M02,WELEV00M01,WELEV00M02,false
WELEV00M01_WELEV00M03,WELEV00M01,WELEV00M03,false
WELEV00M02_WELEV00M03,WELEV00M02,WELEV00M03,false
WHALL001L2_WHALL002L2,WHALL001L2,WHALL002L2,false
WHALL00101_WHALL00201,WHALL00101,WHALL00201,false
WHALL00103_WHALL00203,WHALL00103,WHALL00203,false
WHALL00102_WHALL00202,WHALL00102,WHALL00202,false
WHALL00302_WHALL00402,WHALL00302,WHALL00402,false
WHALL00502_WHALL00602,WHALL00502,WHALL00602,false
WHALL00702_WHALL00802,WHALL00702,WHALL00802,false
WHALL00902_WHALL01002,WHALL00902,WHALL01002,false
GELEV00N01_GELEV00N02,GELEV00N01,GELEV00N02,false
GELEV00N01_GELEV00N03,GELEV00N01,GELEV00N03,false
GELEV00N02_GELEV00N03,GELEV00N02,GELEV00N03,false
GELEV00QL2_GELEV00QL1,GELEV00QL2,GELEV00QL1,false
GELEV00QL2_GELEV00Q01,GELEV00QL2,GELEV00Q01,false
GELEV00QL2_GELEV00Q02,GELEV00QL2,GELEV00Q02,false
GELEV00QL2_GELEV00Q03,GELEV00QL2,GELEV00Q03,false
GELEV00QL1_GELEV00Q01,GELEV00QL1,GELEV00Q01,false
GELEV00QL1_GELEV00Q02,GELEV00QL1,GELEV00Q02,false
GELEV00QL1_GELEV00Q03,GELEV00QL1,GELEV00Q03,false
GELEV00Q01_GELEV00Q02,GELEV00Q01,GELEV00Q02,false
GELEV00Q01_GELEV00Q03,GELEV00Q01,GELEV00Q03,false
GELEV00Q02_GELEV00Q03,GELEV00Q02,GELEV00Q03,false
AELEV00SL2_AELEV00S01,AELEV00SL2,AELEV00S01,false
AELEV00SL2_AELEV00S02,AELEV00SL2,AELEV00S02,false
AELEV00SL2_AELEV00S03,AELEV00SL2,AELEV00S03,false
AELEV00S01_AELEV00S02,AELEV00S01,AELEV00S02,false
AELEV00S01_AELEV00S03,AELEV00S01,AELEV00S03,false
AELEV00S02_AELEV00S03,AELEV00S02,AELEV00S03,false
WHALL00202_DHALL05802,WHALL00202,DHALL05802,false
GHALL01701_GDEPT01901,GHALL01701,GDEPT01901,false
GHALL01001_GELEV00Q01,GHALL01001,GELEV00Q01,false
GHALL03101_GHALL0301,GHALL03101,GHALL0301,false
GHALL03301_GHALL0301,GHALL03301,GHALL0301,false
